Time (s),ESC signal (µs),Servo 1 (µs),Servo 2 (µs),Servo 3 (µs),AccX (g),AccY (g),AccZ (g),Torque (N·m),Thrust (N),Voltage (V),Current (A),Motor Electrical Speed (RPM),Motor Optical Speed (RPM),Electrical Power (W),Mechanical Power (W),Motor Efficiency (%),Propeller Mech. Efficiency (N/W),Overall Efficiency (N/W),Vibration (g),App message,
1.237073749999758,1500,,,,0.0001171875,-0.03130859375,-0.956015625,0.00026728049030510365,0.046952981754631314,15.545993421039043,0.028470137271022697,0,0,0.4378511921788105,0,0,0,0,1.35408203125,,
1.2375662999997104,1200,,,,0.00033203125,-0.0243359375,-0.971640625,0.00006369117306544203,0.04816228628366525,8.368121319308237,0.04693980488041547,26,0,0.38556859031272295,0.0006852317686145114,0.18071394118322456,0,0.07475304424314692,1.36052734375,,
